timeStamp,elapsed,label,responseCode,responseMessage,threadName,dataType,success,failureMessage,bytes,sentBytes,grpThreads,allThreads,URL,Latency,IdleTime,Connect
1.72726E+12,558,HTTP Request,200,OK,Thread Group_1 1-1,text,TRUE,,204117,364,2,2,https://www.google.com/,329,0,110
1.72726E+12,642,HTTP Request,200,OK,Thread Group_1 1-2,text,TRUE,,202470,364,3,3,https://www.google.com/,424,0,124
1.72726E+12,644,HTTP Request,200,OK,Thread Group_1 1-3,text,TRUE,,204247,364,3,3,https://www.google.com/,416,0,84
1.72726E+12,559,HTTP Request,200,OK,Thread Group_1 1-4,text,TRUE,,203685,364,2,2,https://www.google.com/,335,0,129
1.72726E+12,525,HTTP Request,200,OK,Thread Group_1 1-5,text,TRUE,,199796,364,2,2,https://www.google.com/,315,0,110
1.72726E+12,613,HTTP Request,200,OK,Thread Group_1 1-6,text,TRUE,,202316,364,3,3,https://www.google.com/,385,0,83
1.72726E+12,568,HTTP Request,200,OK,Thread Group_1 1-7,text,TRUE,,207466,364,3,3,https://www.google.com/,293,0,86
1.72726E+12,564,HTTP Request,200,OK,Thread Group_1 1-8,text,TRUE,,207454,364,2,2,https://www.google.com/,324,0,99
1.72726E+12,582,HTTP Request,200,OK,Thread Group_1 1-9,text,TRUE,,207468,364,2,2,https://www.google.com/,332,0,116
1.72726E+12,526,HTTP Request,200,OK,Thread Group_1 1-10,text,TRUE,,207652,364,2,2,https://www.google.com/,300,0,92
1.72726E+12,532,HTTP Request,200,OK,Thread Group_1 1-11,text,TRUE,,204736,364,2,2,https://www.google.com/,308,0,83
1.72726E+12,560,HTTP Request,200,OK,Thread Group_1 1-12,text,TRUE,,207477,364,2,2,https://www.google.com/,325,0,108
1.72726E+12,525,HTTP Request,200,OK,Thread Group_1 1-13,text,TRUE,,204873,364,2,2,https://www.google.com/,291,0,87
1.72726E+12,569,HTTP Request,200,OK,Thread Group_1 1-14,text,TRUE,,207463,364,2,2,https://www.google.com/,308,0,86
1.72726E+12,594,HTTP Request,200,OK,Thread Group_1 1-15,text,TRUE,,204227,364,2,2,https://www.google.com/,354,0,133
1.72726E+12,576,HTTP Request,200,OK,Thread Group_1 1-16,text,TRUE,,207461,364,2,2,https://www.google.com/,351,0,133
1.72726E+12,578,HTTP Request,200,OK,Thread Group_1 1-17,text,TRUE,,204300,364,3,3,https://www.google.com/,340,0,119
1.72726E+12,552,HTTP Request,200,OK,Thread Group_1 1-18,text,TRUE,,204758,364,2,2,https://www.google.com/,321,0,98
1.72726E+12,535,HTTP Request,200,OK,Thread Group_1 1-19,text,TRUE,,207477,364,2,2,https://www.google.com/,303,0,94
1.72726E+12,552,HTTP Request,200,OK,Thread Group_1 1-20,text,TRUE,,207394,364,2,2,https://www.google.com/,311,0,101
1.72726E+12,577,HTTP Request,200,OK,Thread Group_1 1-21,text,TRUE,,207494,364,2,2,https://www.google.com/,341,0,121
1.72726E+12,556,HTTP Request,200,OK,Thread Group_1 1-22,text,TRUE,,204271,364,2,2,https://www.google.com/,328,0,106
1.72726E+12,586,HTTP Request,200,OK,Thread Group_1 1-23,text,TRUE,,207336,364,2,2,https://www.google.com/,364,0,149
1.72726E+12,578,HTTP Request,200,OK,Thread Group_1 1-24,text,TRUE,,204020,364,2,2,https://www.google.com/,362,0,133
1.72726E+12,617,HTTP Request,200,OK,Thread Group_1 1-25,text,TRUE,,207294,364,3,3,https://www.google.com/,379,0,139
1.72726E+12,520,HTTP Request,200,OK,Thread Group_1 1-26,text,TRUE,,204067,364,2,2,https://www.google.com/,294,0,93
1.72726E+12,564,HTTP Request,200,OK,Thread Group_1 1-27,text,TRUE,,207177,364,2,2,https://www.google.com/,333,0,113
1.72726E+12,597,HTTP Request,200,OK,Thread Group_1 1-28,text,TRUE,,204304,364,3,3,https://www.google.com/,360,0,128
1.72726E+12,565,HTTP Request,200,OK,Thread Group_1 1-29,text,TRUE,,204145,364,2,2,https://www.google.com/,343,0,121
1.72726E+12,520,HTTP Request,200,OK,Thread Group_1 1-30,text,TRUE,,207396,364,2,2,https://www.google.com/,292,0,88
1.72726E+12,547,HTTP Request,200,OK,Thread Group_1 1-31,text,TRUE,,204606,364,2,2,https://www.google.com/,324,0,92
1.72726E+12,595,HTTP Request,200,OK,Thread Group_1 1-32,text,TRUE,,207993,364,2,2,https://www.google.com/,363,0,136
1.72726E+12,560,HTTP Request,200,OK,Thread Group_1 1-33,text,TRUE,,207280,364,2,2,https://www.google.com/,324,0,113
1.72726E+12,576,HTTP Request,200,OK,Thread Group_1 1-34,text,TRUE,,204074,364,2,2,https://www.google.com/,336,0,115
1.72726E+12,587,HTTP Request,200,OK,Thread Group_1 1-35,text,TRUE,,208079,364,2,2,https://www.google.com/,360,0,135
1.72726E+12,594,HTTP Request,200,OK,Thread Group_1 1-36,text,TRUE,,204651,364,2,2,https://www.google.com/,356,0,140
1.72726E+12,583,HTTP Request,200,OK,Thread Group_1 1-37,text,TRUE,,207546,364,2,2,https://www.google.com/,345,0,126
1.72726E+12,600,HTTP Request,200,OK,Thread Group_1 1-38,text,TRUE,,207980,364,2,2,https://www.google.com/,347,0,125
1.72726E+12,543,HTTP Request,200,OK,Thread Group_1 1-39,text,TRUE,,204755,364,2,2,https://www.google.com/,311,0,97
1.72726E+12,550,HTTP Request,200,OK,Thread Group_1 1-40,text,TRUE,,207538,364,2,2,https://www.google.com/,328,0,124
1.72726E+12,532,HTTP Request,200,OK,Thread Group_1 1-41,text,TRUE,,204847,364,2,2,https://www.google.com/,313,0,111
1.72726E+12,608,HTTP Request,200,OK,Thread Group_1 1-42,text,TRUE,,207324,364,3,3,https://www.google.com/,373,0,148
1.72726E+12,647,HTTP Request,200,OK,Thread Group_1 1-43,text,TRUE,,204146,364,3,3,https://www.google.com/,333,0,132
1.72726E+12,626,HTTP Request,200,OK,Thread Group_1 1-44,text,TRUE,,204348,364,3,3,https://www.google.com/,384,0,139
1.72726E+12,597,HTTP Request,200,OK,Thread Group_1 1-45,text,TRUE,,204127,364,3,3,https://www.google.com/,344,0,139
1.72726E+12,592,HTTP Request,200,OK,Thread Group_1 1-46,text,TRUE,,207497,364,2,2,https://www.google.com/,367,0,160
1.72726E+12,675,HTTP Request,200,OK,Thread Group_1 1-47,text,TRUE,,202446,364,3,3,https://www.google.com/,446,0,109
1.72726E+12,656,HTTP Request,200,OK,Thread Group_1 1-48,text,TRUE,,199281,364,3,3,https://www.google.com/,431,0,128
1.72726E+12,575,HTTP Request,200,OK,Thread Group_1 1-49,text,TRUE,,207443,364,2,2,https://www.google.com/,349,0,128
1.72726E+12,565,HTTP Request,200,OK,Thread Group_1 1-50,text,TRUE,,207950,364,2,2,https://www.google.com/,334,0,131
1.72726E+12,530,HTTP Request,200,OK,Thread Group_1 1-51,text,TRUE,,204147,364,2,2,https://www.google.com/,296,0,87
1.72726E+12,550,HTTP Request,200,OK,Thread Group_1 1-52,text,TRUE,,207337,364,2,2,https://www.google.com/,323,0,111
1.72726E+12,542,HTTP Request,200,OK,Thread Group_1 1-53,text,TRUE,,207374,364,2,2,https://www.google.com/,297,0,85
1.72726E+12,580,HTTP Request,200,OK,Thread Group_1 1-54,text,TRUE,,207423,364,2,2,https://www.google.com/,310,0,90
1.72726E+12,529,HTTP Request,200,OK,Thread Group_1 1-55,text,TRUE,,207443,364,2,2,https://www.google.com/,321,0,81
1.72726E+12,535,HTTP Request,200,OK,Thread Group_1 1-56,text,TRUE,,207538,364,2,2,https://www.google.com/,307,0,98
1.72726E+12,561,HTTP Request,200,OK,Thread Group_1 1-57,text,TRUE,,207398,364,2,2,https://www.google.com/,327,0,111
1.72726E+12,559,HTTP Request,200,OK,Thread Group_1 1-58,text,TRUE,,207461,364,2,2,https://www.google.com/,318,0,97
1.72726E+12,515,HTTP Request,200,OK,Thread Group_1 1-59,text,TRUE,,207354,364,2,2,https://www.google.com/,283,0,83
1.72726E+12,539,HTTP Request,200,OK,Thread Group_1 1-60,text,TRUE,,207332,364,2,2,https://www.google.com/,302,0,93
1.72726E+12,525,HTTP Request,200,OK,Thread Group_1 1-61,text,TRUE,,207948,364,2,2,https://www.google.com/,302,0,89
1.72726E+12,536,HTTP Request,200,OK,Thread Group_1 1-62,text,TRUE,,204284,364,2,2,https://www.google.com/,318,0,105
1.72726E+12,535,HTTP Request,200,OK,Thread Group_1 1-63,text,TRUE,,204226,364,2,2,https://www.google.com/,306,0,88
1.72726E+12,545,HTTP Request,200,OK,Thread Group_1 1-64,text,TRUE,,207550,364,2,2,https://www.google.com/,316,0,89
1.72726E+12,562,HTTP Request,200,OK,Thread Group_1 1-65,text,TRUE,,204152,364,2,2,https://www.google.com/,332,0,117
1.72726E+12,582,HTTP Request,200,OK,Thread Group_1 1-66,text,TRUE,,204177,364,2,2,https://www.google.com/,342,0,115
1.72726E+12,564,HTTP Request,200,OK,Thread Group_1 1-67,text,TRUE,,204081,364,2,2,https://www.google.com/,344,0,112
1.72726E+12,571,HTTP Request,200,OK,Thread Group_1 1-68,text,TRUE,,207483,364,3,3,https://www.google.com/,315,0,103
1.72726E+12,559,HTTP Request,200,OK,Thread Group_1 1-69,text,TRUE,,204200,364,2,2,https://www.google.com/,317,0,102
1.72726E+12,570,HTTP Request,200,OK,Thread Group_1 1-70,text,TRUE,,207469,364,2,2,https://www.google.com/,334,0,113
1.72726E+12,577,HTTP Request,200,OK,Thread Group_1 1-71,text,TRUE,,204010,364,2,2,https://www.google.com/,323,0,110
1.72726E+12,578,HTTP Request,200,OK,Thread Group_1 1-72,text,TRUE,,207124,364,2,2,https://www.google.com/,328,0,92
1.72726E+12,622,HTTP Request,200,OK,Thread Group_1 1-73,text,TRUE,,207328,364,3,3,https://www.google.com/,398,0,170
1.72726E+12,570,HTTP Request,200,OK,Thread Group_1 1-74,text,TRUE,,207383,364,2,2,https://www.google.com/,332,0,120
1.72726E+12,573,HTTP Request,200,OK,Thread Group_1 1-75,text,TRUE,,204250,364,2,2,https://www.google.com/,334,0,120
1.72726E+12,578,HTTP Request,200,OK,Thread Group_1 1-76,text,TRUE,,207588,364,2,2,https://www.google.com/,343,0,119
1.72726E+12,570,HTTP Request,200,OK,Thread Group_1 1-77,text,TRUE,,204197,364,2,2,https://www.google.com/,332,0,119
1.72726E+12,549,HTTP Request,200,OK,Thread Group_1 1-78,text,TRUE,,204134,364,2,2,https://www.google.com/,333,0,115
1.72726E+12,599,HTTP Request,200,OK,Thread Group_1 1-79,text,TRUE,,207328,364,3,3,https://www.google.com/,363,0,148
1.72726E+12,541,HTTP Request,200,OK,Thread Group_1 1-80,text,TRUE,,204283,364,2,2,https://www.google.com/,301,0,101
1.72726E+12,567,HTTP Request,200,OK,Thread Group_1 1-81,text,TRUE,,204133,364,2,2,https://www.google.com/,348,0,95
1.72726E+12,581,HTTP Request,200,OK,Thread Group_1 1-82,text,TRUE,,204109,364,3,3,https://www.google.com/,342,0,131
1.72726E+12,580,HTTP Request,200,OK,Thread Group_1 1-83,text,TRUE,,204209,364,2,2,https://www.google.com/,342,0,106
1.72726E+12,607,HTTP Request,200,OK,Thread Group_1 1-84,text,TRUE,,207464,364,3,3,https://www.google.com/,367,0,154
1.72726E+12,538,HTTP Request,200,OK,Thread Group_1 1-85,text,TRUE,,204064,364,2,2,https://www.google.com/,318,0,101
1.72726E+12,607,HTTP Request,200,OK,Thread Group_1 1-86,text,TRUE,,204070,364,3,3,https://www.google.com/,343,0,123
1.72726E+12,569,HTTP Request,200,OK,Thread Group_1 1-87,text,TRUE,,207564,364,2,2,https://www.google.com/,333,0,110
1.72726E+12,578,HTTP Request,200,OK,Thread Group_1 1-88,text,TRUE,,204099,364,2,2,https://www.google.com/,363,0,130
1.72726E+12,543,HTTP Request,200,OK,Thread Group_1 1-89,text,TRUE,,207423,364,2,2,https://www.google.com/,318,0,107
1.72726E+12,524,HTTP Request,200,OK,Thread Group_1 1-90,text,TRUE,,207504,364,2,2,https://www.google.com/,319,0,109
1.72726E+12,570,HTTP Request,200,OK,Thread Group_1 1-91,text,TRUE,,204234,364,2,2,https://www.google.com/,315,0,109
1.72726E+12,577,HTTP Request,200,OK,Thread Group_1 1-92,text,TRUE,,207329,364,2,2,https://www.google.com/,313,0,92
1.72726E+12,599,HTTP Request,200,OK,Thread Group_1 1-93,text,TRUE,,203987,364,3,3,https://www.google.com/,466,0,173
1.72726E+12,550,HTTP Request,200,OK,Thread Group_1 1-95,text,TRUE,,207508,364,3,3,https://www.google.com/,324,0,95
1.72726E+12,899,HTTP Request,200,OK,Thread Group_1 1-94,text,TRUE,,204112,364,3,3,https://www.google.com/,411,0,201
1.72726E+12,576,HTTP Request,200,OK,Thread Group_1 1-96,text,TRUE,,201707,364,2,2,https://www.google.com/,332,0,123
1.72726E+12,584,HTTP Request,200,OK,Thread Group_1 1-97,text,TRUE,,207360,364,2,2,https://www.google.com/,345,0,127
1.72726E+12,562,HTTP Request,200,OK,Thread Group_1 1-98,text,TRUE,,202570,364,2,2,https://www.google.com/,301,0,88
1.72726E+12,629,HTTP Request,200,OK,Thread Group_1 1-99,text,TRUE,,204075,364,2,2,https://www.google.com/,331,0,121
1.72726E+12,598,HTTP Request,200,OK,Thread Group_1 1-100,text,TRUE,,207436,364,1,1,https://www.google.com/,367,0,135
